<?xml version="1.0" encoding="utf-8" ?>
<pages>
<page id="1" bbox="0.000,0.000,595.000,842.000" rotate="0">
<textbox id="0" bbox="56.800,771.508,90.688,787.264">
<textline bbox="56.800,771.508,90.688,787.264">
<text font="BAAAAA+TimesNewRomanPSMT" bbox="56.800,771.508,63.472,787.264" colourspace="CalGray" ncolour="None" size="15.756">S</text>
<text font="BAAAAA+TimesNewRomanPSMT" bbox="63.484,771.508,68.800,787.264" colourspace="CalGray" ncolour="None" size="15.756">e</text>
<text font="BAAAAA+TimesNewRomanPSMT" bbox="68.788,771.508,74.104,787.264" colourspace="CalGray" ncolour="None" size="15.756">c</text>
<text font="BAAAAA+TimesNewRomanPSMT" bbox="74.092,771.508,78.088,787.264" colourspace="CalGray" ncolour="None" size="15.756">r</text>
<text font="BAAAAA+TimesNewRomanPSMT" bbox="78.088,771.508,83.404,787.264" colourspace="CalGray" ncolour="None" size="15.756">e</text>
<text font="BAAAAA+TimesNewRomanPSMT" bbox="83.392,771.508,86.716,787.264" colourspace="CalGray" ncolour="None" size="15.756">t</text>
<text font="BAAAAA+TimesNewRomanPSMT" bbox="86.692,771.508,90.688,787.264" colourspace="CalGray" ncolour="None" size="15.756">!</text>
<text>
</text>
</textline>
</textbox>
<figure name="Tr4" bbox="-9.000,420.000,595.000,840.100">
</figure>
<layout>
<textbox id="0" bbox="56.800,771.508,90.688,787.264" />
</layout>
</page>
</pages>
